Facility_ID,Obligor_ID,Facility_type,Outstanding_amount,Limit,Contractual_rate,Collateral_level,Start_date,Maturity_date
10093,100,B,27959.828,90346.2538,0.1351,0.2657,2017-03-18,2029-01-05
10030,100,B,54786.3189,85920.7338,0.1433,0.1062,2017-02-16,2026-01-19
10135,101,A,28070.9631,45418.4403,0.1412,0.2187,2017-06-18,2033-02-24
10194,101,B,23817.7752,62732.826,0.06,0.1882,2021-10-20,2025-03-01
10237,102,A,10295.9398,79403.0573,0.1377,0.2518,2019-01-29,2035-02-23
10222,102,A,68857.6825,91051.3841,0.0143,0.2476,2019-03-21,2033-07-12
10372,103,A,12380.7864,61860.1893,0.0601,0.13,2021-11-14,2034-10-24
10395,103,A,34292.841,67203.1372,0.1059,0.2301,2018-08-21,2028-11-16
10386,103,B,44539.8734,81111.7395,0.1444,0.2296,2022-12-23,2033-01-20
10497,104,B,44699.8823,50991.1056,0.0367,0.3446,2025-05-27,2025-04-10
10543,105,B,8100.9129,28395.7493,0.0708,0.3477,2018-04-11,2025-04-02
10591,105,A,26235.2735,90432.1526,0.1187,0.2377,2022-04-16,2032-09-11
10679,106,A,11906.8565,39391.2293,0.0702,0.2496,2018-07-23,2032-12-02
10677,106,A,4059.1636,23888.0866,0.0898,0.2918,2018-06-21,2032-01-31
10639,106,B,68152.6825,71945.4028,0.0907,0.1068,2025-03-31,2032-03-31
10692,106,B,56311.3383,65713.0027,0.0794,0.1251,2021-07-09,2030-10-31
10766,107,B,44874.786,54548.1703,0.1134,0.3277,2016-08-29,2027-04-03
10884,108,A,18695.9519,28741.3049,0.0558,0.2227,2019-11-22,2032-09-10
10873,108,B,37731.2788,72868.5672,0.1438,0.2054,2017-07-16,2034-01-30
10923,109,B,0.7783,0.0,0.0995,0.2551,2017-07-28,2032-12-18
11093,110,A,20558.5234,60460.7202,0.0798,0.1002,2015-08-23,2032-06-17
11090,110,A,19311.6536,20203.5023,0.1121,0.2445,2019-05-29,2033-10-27
11057,110,A,27996.2876,43581.336,0.1325,0.312,2017-07-26,2028-02-27
11082,110,A,15024.1676,81831.2195,0.0764,0.185,2024-02-21,2024-12-05
11084,110,A,13340.4918,43936.3514,0.0728,0.1368,2023-03-09,2032-10-04
11169,111,A,10045.4838,14433.0165,0.0478,0.3437,2025-04-11,2027-02-06
11264,112,A,33308.8645,98461.499,0.1464,0.2444,2015-11-06,2027-11-29
11220,112,B,17041.4876,72690.9403,0.1016,0.2773,2016-03-11,2024-12-28
11290,112,B,44722.4877,45547.0473,0.1447,0.1539,2024-05-10,2028-07-24
11222,112,A,13700.0706,16546.0392,0.0605,0.3379,2015-08-29,2030-03-01
11233,112,A,19383.2541,77853.0117,0.0648,0.2127,2016-07-15,2033-01-23
11345,113,A,29689.9699,65387.6846,0.1109,0.2617,2023-01-14,2027-08-14
11380,113,B,34199.0534,72653.4778,0.0235,0.3149,2017-03-25,2027-02-24
11321,113,B,8789.024,15409.0257,0.1114,0.3447,2017-04-16,2033-10-22
11390,113,B,46038.7836,48015.9184,0.0759,0.2889,2025-02-02,2033-11-06
11314,113,B,41773.0264,71147.3443,0.0881,0.1249,2019-09-26,2026-12-28
11443,114,A,16085.7071,98833.1676,0.1005,0.1892,2017-12-31,2030-02-05
11454,114,B,5114.3071,29630.5581,0.1412,0.2982,2015-12-08,2035-04-21
11427,114,B,54664.9605,64833.8594,0.0303,0.1796,2015-11-11,2025-11-01
11485,114,A,13036.4516,30191.3095,0.1163,0.237,2018-11-08,2033-08-01
11440,114,A,18491.7913,28652.6603,0.123,0.3208,2024-11-18,2025-04-26
11571,115,B,20121.6057,27098.8087,0.0785,0.3476,2021-11-04,2026-03-03
11521,115,A,8964.8836,39275.2563,0.0284,0.1273,2022-12-26,2028-10-02
11675,116,A,7931.3549,24055.0202,0.0736,0.221,2021-03-17,2025-12-04
11649,116,A,48536.1632,77168.1494,0.0918,0.2178,2017-12-13,2025-11-18
11613,116,A,11250.4687,23332.1452,0.0662,0.1928,2024-07-28,2025-10-22
11651,116,B,5970.124,21595.1071,0.1205,0.1652,2020-10-19,2025-11-04
11799,117,A,10342.6527,83446.7411,0.1327,0.3329,2022-10-21,2032-06-11
11716,117,A,73823.7546,99675.3277,0.0892,0.1758,2020-03-31,2030-07-15
11838,118,B,34753.9626,65604.3584,0.0991,0.1956,2020-02-14,2034-08-21
11813,118,B,9099.7449,10946.7277,0.1041,0.2821,2015-12-22,2034-12-25
11892,118,A,31365.0566,31478.6144,0.1003,0.1561,2020-07-07,2029-07-08
11936,119,B,55640.9042,69803.6689,0.0851,0.2118,2019-03-04,2030-11-07
11993,119,A,31959.6329,48685.848,0.1167,0.3481,2016-06-08,2034-02-07
12058,120,B,36775.4858,74217.1813,0.0575,0.1888,2024-09-23,2033-06-11
12070,120,B,40966.5584,41941.1794,0.0448,0.2615,2025-02-17,2024-03-08
12182,121,B,47196.7539,98958.0105,0.1493,0.1138,2024-09-13,2032-01-28
12133,121,B,9831.0414,31952.3045,0.0593,0.1549,2019-10-16,2027-07-22
12194,121,B,10826.5666,16538.1241,0.1348,0.2246,2023-11-16,2025-03-09
12237,122,B,21284.9544,61082.4627,0.0507,0.1406,2021-11-11,2033-09-22
12226,122,A,2937.3431,70878.91,0.0444,0.1275,2016-08-26,2034-07-04
12270,122,B,12120.9685,17157.0543,0.042,0.1366,2024-06-03,2026-03-30
12265,122,A,4896.3889,20508.4633,0.0457,0.3222,2020-03-24,2026-04-21
12232,122,B,7028.5843,39764.7638,0.0482,0.1372,2022-03-01,2028-04-26
12244,122,B,4998.6733,43369.5961,0.0906,0.1649,2019-10-02,2026-10-27
12362,123,B,17581.4236,21948.2729,0.0417,0.1328,2018-11-23,2034-02-22
12372,123,B,31713.3588,47459.4564,0.0422,0.1647,2018-12-31,2031-09-10
12311,123,A,5495.5597,69525.7026,0.0753,0.1476,2016-01-17,2024-12-03
12325,123,A,39311.858,43189.1559,0.1088,0.2025,2016-09-13,2028-06-09
12327,123,A,29070.7522,81353.7397,0.1039,0.2466,2016-09-10,2028-11-06
12430,124,B,6354.1428,10434.1393,0.1366,0.2821,2023-11-23,2025-09-24
12446,124,A,28284.371,54596.7197,0.0721,0.1438,2022-05-28,2027-01-14
12489,124,B,4851.063,20163.72,0.0562,0.1524,2024-04-14,2028-10-14
12585,125,A,16414.7636,81809.219,0.1141,0.1299,2022-11-21,2029-04-13
12586,125,A,10387.5286,18976.5915,0.1278,0.2586,2024-05-17,2028-01-19
12566,125,A,60526.9078,81001.0546,0.017,0.2975,2025-01-02,2027-08-01
12567,125,A,1535.596,54202.6602,0.1287,0.2255,2020-06-27,2033-10-12
12699,126,A,14410.4772,19029.3575,0.1133,0.2568,2019-11-02,2034-03-04
12667,126,B,30128.3619,43581.8036,0.0951,0.2665,2024-04-27,2032-12-25
12637,126,A,9687.9714,18851.0867,0.0613,0.2115,2025-06-14,2026-03-30
12670,126,B,21043.6832,88813.3914,0.127,0.3004,2023-01-18,2032-12-13
12674,126,B,78806.9207,88578.229,0.0186,0.1849,2016-06-09,2024-11-18
12781,127,B,9773.8088,10013.4583,0.0319,0.1084,2021-10-21,2027-06-28
12750,127,A,6641.1307,10153.744,0.053,0.3014,2021-12-26,2029-01-26
12774,127,B,63232.2954,90912.7716,0.0468,0.2954,2022-11-08,2028-01-15
12896,128,B,8890.6817,14617.3131,0.1426,0.118,2024-06-12,2025-04-19
12856,128,B,2295.3635,10306.2841,0.0538,0.3174,2016-12-23,2034-04-05
12812,128,B,38090.7271,39528.7085,0.0676,0.2041,2023-04-18,2026-08-11
12820,128,A,45954.7609,64153.1993,0.0212,0.2253,2023-10-02,2031-06-16
12859,128,A,25368.7485,58132.5206,0.1339,0.1989,2023-11-28,2027-08-05
12935,129,B,31998.0747,99738.3693,0.0594,0.1705,2019-03-28,2025-09-28
12918,129,B,24332.9292,26638.8208,0.0601,0.2158,2019-08-12,2035-06-20
12976,129,B,66677.6964,82540.9802,0.0218,0.2284,2018-12-10,2033-12-22
13080,130,A,23776.7565,37094.3155,0.1099,0.1943,2022-10-22,2031-05-20
13055,130,A,29266.8404,29880.4425,0.0586,0.2664,2019-10-18,2029-12-26
13148,131,A,69791.8795,69801.4939,0.0679,0.1528,2020-04-01,2032-05-13
13294,132,A,2023.2537,55023.1757,0.0172,0.2232,2022-05-25,2030-06-16
13312,133,B,32596.2061,84046.358,0.0933,0.2581,2019-09-14,2034-11-22
13377,133,B,31642.1722,67079.0134,0.0156,0.224,2015-10-11,2027-06-15
13314,133,A,7412.8137,16685.6018,0.1218,0.1224,2020-05-09,2026-02-03
13380,133,B,53836.3012,67697.5912,0.0705,0.3345,2020-05-13,2029-11-22
13458,134,B,38776.0566,95647.2995,0.0171,0.1486,2025-01-01,2035-06-15
13471,134,B,20610.1932,58688.7161,0.0571,0.2833,2021-03-01,2031-10-13
13461,134,B,6533.854,18783.1885,0.1077,0.3061,2023-01-03,2025-10-15
13460,134,A,57581.5801,92499.9821,0.0934,0.185,2022-01-06,2027-05-16
13526,135,A,63917.5157,69544.0485,0.1447,0.2202,2018-10-25,2033-09-17
13594,135,B,25858.6458,31201.3698,0.0823,0.3022,2023-12-12,2032-08-10
13561,135,A,24352.3882,74474.8813,0.1171,0.2644,2016-01-08,2027-01-19
13539,135,A,30730.2639,62457.891,0.1399,0.1793,2022-01-21,2034-03-01
13590,135,B,296.5331,11824.2739,0.1122,0.197,2024-08-26,2032-04-30
13535,135,B,444.2704,26534.5065,0.0753,0.1753,2015-07-23,2026-02-02
13656,136,B,68006.6161,80882.963,0.149,0.1804,2020-10-16,2028-09-22
13667,136,B,10918.9168,20146.318,0.0189,0.1424,2020-07-27,2031-11-11
13624,136,B,22029.8389,22787.4833,0.1313,0.2327,2018-07-01,2032-09-30
13648,136,B,10324.6503,28061.8392,0.0157,0.2542,2023-09-14,2034-02-14
13735,137,B,25962.6389,80187.374,0.054,0.1256,2018-05-02,2035-01-07
13848,138,B,277.9561,99943.3084,0.0108,0.3404,2021-02-13,2027-03-29
13829,138,B,4461.4002,69377.8851,0.0899,0.2392,2023-06-24,2025-05-11
13971,139,A,13571.3589,13886.356,0.0865,0.2567,2022-04-29,2033-04-28
13934,139,A,77929.08,87407.8857,0.0795,0.3307,2022-02-22,2035-03-25
13915,139,A,48117.1067,60090.9632,0.0531,0.166,2017-05-30,2025-06-22
13919,139,A,18830.079,58816.7991,0.0237,0.224,2016-04-26,2027-07-09
13926,139,B,23509.0019,35216.9487,0.1159,0.13,2021-06-06,2024-12-04
13965,139,B,6790.8744,14059.5045,0.0821,0.3221,2024-11-19,2033-11-06
14044,140,A,18982.0861,67726.3587,0.0837,0.1684,2025-02-22,2033-04-25
14034,140,B,17222.0171,17928.4776,0.0397,0.1342,2020-06-14,2031-01-31
14135,141,B,44295.044,79249.102,0.0238,0.2798,2020-12-09,2028-03-12
14177,141,B,61228.3805,66560.4015,0.0862,0.27,2024-05-02,2034-04-15
14288,142,B,6861.7567,19112.7382,0.0905,0.1239,2017-09-04,2028-09-12
14244,142,B,5559.2141,27765.6501,0.1037,0.1671,2017-07-02,2033-02-19
14386,143,A,3831.985,88967.5696,0.0673,0.3034,2018-04-22,2032-02-15
14362,143,B,74390.9611,77626.2922,0.1329,0.1068,2017-10-05,2026-05-27
14315,143,A,2523.9357,14471.3919,0.1256,0.2144,2018-04-10,2024-08-03
14310,143,B,53.8242,44289.7251,0.1052,0.3111,2018-12-25,2033-01-06
14365,143,A,6912.165,21261.1005,0.0605,0.2456,2025-05-07,2027-01-04
14440,144,A,13003.0049,15598.6857,0.0294,0.3031,2021-01-19,2034-12-18
14555,145,B,14264.8324,37673.6958,0.1262,0.276,2024-06-23,2025-07-26
14579,145,A,23582.2566,79052.5989,0.0693,0.3027,2024-07-26,2034-03-27
14573,145,A,24409.2973,59672.7315,0.1363,0.2722,2022-02-07,2025-03-06
14659,146,B,27250.8281,31002.9655,0.0147,0.3154,2019-07-04,2034-02-16
14616,146,B,15142.6927,48784.6672,0.1424,0.3051,2021-06-17,2027-10-30
14693,146,A,8476.6231,50846.3142,0.0641,0.3438,2025-04-13,2025-11-07
14622,146,B,11936.7759,47388.8575,0.1193,0.2644,2024-07-07,2025-02-14
14739,147,B,43764.4146,79015.8682,0.1236,0.2937,2017-01-07,2032-11-04
14796,147,B,8819.8929,12374.0617,0.0246,0.326,2015-08-30,2029-07-04
14785,147,A,21926.2128,85897.1106,0.1269,0.3197,2017-11-28,2030-07-12
14832,148,A,20972.6275,63018.2126,0.1478,0.1803,2021-03-14,2029-03-23
14867,148,A,19769.004,65755.4618,0.0465,0.1502,2024-05-26,2033-12-10
14836,148,B,43639.6278,51851.0987,0.0986,0.1787,2023-04-26,2034-11-28
14864,148,B,9949.3818,35891.7169,0.0453,0.115,2015-06-27,2030-08-07
14828,148,B,13320.1583,66167.3593,0.0675,0.1844,2022-12-04,2027-07-05
14813,148,A,7673.3589,63882.5267,0.106,0.2901,2021-12-17,2033-01-30
14968,149,B,64753.4101,89960.8916,0.0594,0.1118,2018-03-29,2030-05-26
14964,149,A,7072.5836,15004.3685,0.1359,0.2853,2019-08-02,2031-05-04
14913,149,A,9304.4114,59426.5556,0.0746,0.1277,2023-05-23,2024-08-10
14982,149,B,58211.523,62833.6764,0.0909,0.141,2024-11-22,2026-01-20
15062,150,B,83871.6458,87761.4235,0.1188,0.2456,2022-06-03,2035-03-07
15096,150,A,27584.8912,82891.3036,0.1037,0.1294,2023-03-07,2029-06-25
15036,150,B,39647.2737,93131.6118,0.0796,0.1792,2018-04-02,2034-08-05
15028,150,B,29212.1367,29471.9036,0.0968,0.1715,2024-09-01,2030-11-12
15180,151,A,73247.729,94137.406,0.0667,0.275,2020-08-28,2031-05-11
15189,151,B,8106.699,28361.0834,0.1436,0.3367,2023-04-19,2029-08-15
15152,151,A,27346.931,48981.1988,0.1434,0.2075,2024-09-24,2025-05-02
15158,151,A,1266.0716,38257.2504,0.0383,0.2494,2018-09-17,2028-08-25
15194,151,A,19958.415,27751.8337,0.0136,0.1822,2019-08-27,2026-04-09
15257,152,B,90018.1976,93046.9037,0.0696,0.3033,2019-08-27,2025-08-04
15388,153,A,73784.4806,97973.6867,0.0889,0.2068,2025-11-23,2024-07-24
15369,153,A,46812.4397,96031.216,0.0573,0.2048,2020-08-01,2032-10-14
15361,153,B,28975.5903,99012.0955,0.0137,0.3124,2020-12-12,2030-04-08
15315,153,A,14692.1907,93085.9479,0.014,0.1909,2018-01-17,2030-08-05
15385,153,B,30528.6628,38691.6856,0.0555,0.2612,2018-08-05,2031-03-08
15412,154,A,0.9213,0.0,0.0889,0.2044,2022-10-01,2033-02-15
15490,154,A,0.9957,0.0,0.0724,0.2268,2015-08-09,2032-03-09
15541,155,B,19708.5395,81034.5316,0.0342,0.3085,2018-11-02,2031-06-21
15547,155,B,4094.6903,10487.196,0.1323,0.2553,2020-01-30,2035-02-15
15582,155,B,20550.7971,67203.5739,0.0656,0.17,2015-12-15,2030-06-17
15610,156,B,1770.8714,78828.4198,0.0722,0.3108,2015-08-21,2029-07-30
15678,156,A,11340.3759,74712.7014,0.0905,0.2706,2022-06-10,2028-04-28
15629,156,A,1428.4548,51261.946,0.0208,0.267,2019-09-14,2031-03-21
15677,156,A,28669.3577,54057.0979,0.0296,0.2229,2019-08-02,2034-10-08
15640,156,B,63579.7731,65412.6325,0.1124,0.1791,2023-08-23,2030-11-29
15799,157,A,84964.816,93205.7531,0.0319,0.235,2019-12-22,2031-05-19
15731,157,B,8236.5688,16195.235,0.1069,0.103,2021-10-22,2028-11-07
15884,158,B,47718.4807,77676.7565,0.0426,0.1057,2025-04-30,2026-10-20
15813,158,A,46397.2634,55713.3581,0.0154,0.2448,2018-09-03,2030-01-05
15815,158,B,84272.2376,97304.4143,0.1386,0.2071,2018-11-26,2025-01-23
15835,158,B,4428.7287,15431.8367,0.0941,0.1127,2017-10-18,2026-06-03
15983,159,B,8787.0459,13332.779,0.1116,0.1161,2021-05-12,2034-07-03
15989,159,B,190.8738,10505.5579,0.0856,0.3201,2023-09-06,2027-07-21
15918,159,B,12642.8777,97167.2404,0.148,0.1259,2018-05-26,2029-01-30
15979,159,B,33253.1187,82503.7943,0.0663,0.1876,2025-04-13,2026-03-18
16030,160,B,2663.2116,13549.3545,0.0937,0.2755,2020-02-11,2026-06-14
16168,161,A,5555.4779,30140.7523,0.0913,0.2523,2019-01-13,2025-10-03
16134,161,B,11667.6909,15809.8504,0.0171,0.3019,2023-05-04,2026-03-13
16132,161,A,15096.9747,94059.7203,0.0287,0.3449,2016-06-02,2034-02-03
16147,161,B,38060.157,54503.5536,0.1127,0.1385,2021-02-03,2029-07-28
16254,162,A,29306.2802,38604.8755,0.0697,0.1561,2022-12-18,2027-12-25
16386,163,A,3459.219,82145.5874,0.1184,0.1404,2016-01-25,2031-09-25
16452,164,A,12425.9272,85211.4533,0.1484,0.1104,2016-08-10,2032-01-13
16469,164,A,41513.6934,79397.0059,0.1067,0.3195,2016-09-29,2029-07-07
16555,165,A,14414.268,28717.4767,0.0968,0.1471,2024-10-27,2025-04-18
16684,166,B,9593.5599,20684.6057,0.113,0.3328,2017-04-21,2031-09-07
16786,167,B,20588.6572,68208.5996,0.1018,0.3076,2015-10-31,2028-09-27
16851,168,B,5515.7866,26725.2925,0.0259,0.2528,2022-07-18,2026-05-10
16957,169,A,55597.4422,61786.4354,0.0498,0.21,2022-10-21,2029-02-19
16927,169,A,12120.7311,13004.3063,0.0239,0.3416,2018-07-05,2032-01-15
16915,169,B,21623.3621,61225.8992,0.029,0.2464,2016-05-01,2024-06-07
16922,169,B,17444.4558,42903.3475,0.0167,0.3494,2022-01-12,2024-10-03
17027,170,A,88793.7633,96137.2722,0.0711,0.22,2022-07-15,2027-01-04
17088,170,B,71664.718,82734.2267,0.1004,0.1509,2024-06-30,2024-08-12
17070,170,A,34585.8873,82736.3806,0.0272,0.2709,2017-05-09,2031-04-15
17085,170,A,39217.2546,73052.5233,0.0481,0.1467,2022-10-29,2031-01-18
17037,170,B,46240.1883,78671.0469,0.1414,0.1088,2024-01-31,2031-05-13
17064,170,A,29199.6302,30645.5344,0.1291,0.2149,2023-07-31,2035-05-23
17180,171,A,26652.3599,56222.4079,0.1078,0.3181,2019-02-14,2026-10-29
17116,171,B,5188.5019,20295.2814,0.0436,0.2638,2023-01-30,2028-11-01
17184,171,B,5799.2182,43854.9402,0.1449,0.2819,2023-11-26,2034-05-27
17172,171,B,16132.8376,62300.3561,0.0159,0.1182,2016-05-20,2026-07-06
17198,171,A,29960.6184,32570.2559,0.1182,0.2771,2022-01-10,2032-07-01
17177,171,B,42532.1227,87692.1078,0.0611,0.3,2025-04-08,2030-09-17
17250,172,A,0.4313,0.0,0.1472,0.1656,2023-07-16,2034-05-13
17260,172,B,58307.1831,64329.8193,0.0872,0.214,2018-11-14,2035-06-17
17299,172,B,8296.4358,10594.2225,0.0231,0.2219,2022-06-30,2028-09-17
17230,172,B,425.4877,16148.6279,0.1109,0.1104,2020-08-08,2030-11-27
17251,172,A,10954.2158,79806.7303,0.0382,0.2523,2019-12-22,2026-08-14
17390,173,B,24329.0721,30441.9062,0.0614,0.3362,2015-10-13,2026-06-19
17329,173,A,17786.2425,41647.6116,0.088,0.1883,2016-02-16,2030-09-10
17443,174,B,48931.8851,53499.4436,0.0496,0.2321,2020-11-27,2027-05-20
17444,174,B,54431.0007,82710.5699,0.0155,0.1696,2017-06-11,2026-04-14
17486,174,B,51947.9256,52347.6476,0.0786,0.3141,2015-12-31,2027-11-01
17467,174,A,19468.2852,89568.896,0.1101,0.175,2018-10-21,2029-01-23
17463,174,B,21878.7356,51755.6208,0.1411,0.2976,2021-06-26,2035-01-20
17454,174,A,19963.8639,69674.8342,0.0502,0.1966,2018-11-03,2027-09-19
17565,175,B,33113.7319,78332.4768,0.0451,0.2161,2023-04-27,2030-09-17
17544,175,B,16420.154,68080.5896,0.0628,0.2061,2023-07-02,2031-03-15
17556,175,B,14128.4496,24065.4077,0.1464,0.3498,2024-07-25,2024-08-13
17662,176,B,45105.4299,72479.5296,0.0581,0.2857,2024-11-30,2032-11-28
17695,176,A,19294.9362,32158.8752,0.0249,0.2515,2018-12-20,2024-12-28
17624,176,B,31067.7547,49129.2875,0.1049,0.1411,2015-06-07,2026-03-06
17743,177,A,9590.5867,60040.4769,0.0784,0.3092,2019-08-01,2030-12-20
17777,177,B,38926.0524,43422.8087,0.0622,0.2321,2015-08-13,2031-12-06
17779,177,B,1585.0016,11619.8742,0.1131,0.1636,2017-04-01,2024-11-02
17722,177,B,0.545,0.0,0.1467,0.2551,2023-07-07,2032-09-30
17894,178,B,71283.586,79979.0512,0.092,0.3027,2016-11-11,2035-06-05
17821,178,A,26854.8754,99163.6751,0.0387,0.1341,2022-12-07,2034-01-02
17865,178,A,5105.3809,11556.9326,0.0138,0.1995,2017-02-27,2033-01-26
17837,178,A,52070.8092,78739.5088,0.0425,0.3256,2018-05-23,2029-08-02
17843,178,A,38301.6626,65088.8629,0.0264,0.1149,2025-04-05,2027-09-19
17959,179,A,23921.5221,29238.6004,0.1258,0.257,2023-04-02,2030-01-26
17979,179,A,18289.5806,19819.18,0.0365,0.1372,2022-06-03,2033-02-12
17984,179,B,66918.1019,92820.89,0.0355,0.2985,2016-08-06,2031-10-18
17916,179,B,28173.5682,53294.9584,0.0767,0.3291,2023-07-26,2026-04-18
18035,180,B,38515.4145,77417.6057,0.0792,0.1498,2020-11-10,2033-06-09
18079,180,B,18107.8174,26832.3006,0.0615,0.2444,2024-12-21,2033-09-17
18062,180,A,6191.8365,20474.36,0.0872,0.1089,2018-04-20,2031-10-12
18080,180,A,14444.4373,32959.5855,0.0934,0.3334,2024-03-05,2024-09-03
18157,181,A,43644.8147,82295.9178,0.0598,0.2329,2019-02-16,2027-07-10
18244,182,A,11036.6401,60507.9743,0.0267,0.2245,2016-03-25,2025-12-31
18248,182,A,38032.7078,47640.3041,0.0334,0.2628,2023-12-16,2027-07-27
18221,182,A,11715.973,52930.3444,0.109,0.2791,2020-03-18,2029-07-21
18282,182,B,64014.3184,64421.6369,0.0502,0.1397,2019-10-03,2034-09-25
18269,182,A,9904.2347,14284.4262,0.0393,0.2698,2025-01-21,2027-10-24
18312,183,B,10001.363,90110.261,0.1328,0.2261,2019-02-24,2033-07-21
18366,183,B,25745.9558,50811.8046,0.0204,0.2407,2024-12-26,2032-05-29
18352,183,A,61544.9467,63018.5579,0.0478,0.1724,2025-02-22,2030-11-03
18424,184,B,13488.4949,24750.5517,0.0887,0.2778,2021-09-25,2034-01-12
18481,184,A,3364.7668,21301.6362,0.1058,0.2717,2016-08-11,2027-12-20
18449,184,B,63897.2585,94242.3853,0.0426,0.1633,2018-06-10,2028-10-02
18440,184,B,49389.1152,82898.3007,0.0715,0.2627,2021-03-19,2027-02-24
18453,184,A,3000.5593,37462.9774,0.042,0.3484,2018-02-25,2032-04-13
18444,184,B,31957.28,89773.3646,0.0927,0.1173,2022-07-09,2035-06-03
18542,185,B,53096.1232,67496.5609,0.0217,0.2354,2019-05-29,2027-02-15
18569,185,A,44116.9092,74816.8768,0.0667,0.1211,2020-07-05,2035-05-20
18563,185,B,13076.4715,23770.7792,0.0224,0.3311,2018-04-26,2031-05-11
18527,185,A,13965.8844,99096.3553,0.0146,0.1589,2023-03-18,2027-10-09
18647,186,A,48627.7928,53058.9428,0.0596,0.2918,2018-10-22,2026-08-12
18684,186,B,55201.1576,96138.1504,0.0788,0.2874,2022-02-10,2027-02-19
18643,186,B,22131.5703,24484.6157,0.0592,0.3494,2015-09-25,2032-02-10
18746,187,B,16906.7735,90471.5768,0.0906,0.3285,2024-07-01,2027-12-22
18733,187,A,45916.948,58619.0628,0.0574,0.2695,2023-03-25,2032-04-10
18858,188,A,12712.172,48895.5074,0.093,0.1882,2024-02-04,2025-10-31
18817,188,B,3426.7211,90841.4991,0.1214,0.1489,2016-07-02,2024-06-28
18868,188,A,32391.573,50006.3997,0.1122,0.2053,2020-03-19,2032-04-23
18881,188,A,37822.4957,66626.3968,0.0869,0.215,2021-05-28,2033-04-22
18979,189,A,8543.1065,25606.5117,0.0889,0.2309,2016-12-07,2025-05-15
19066,190,B,49130.3791,84084.3687,0.0929,0.2145,2021-10-01,2034-10-31
19033,190,B,21911.6558,26401.2651,0.0621,0.1361,2019-10-21,2025-09-27
19151,191,B,22312.5378,87193.1654,0.0649,0.2461,2018-09-06,2033-09-27
19163,191,A,15285.0834,28046.3465,0.0271,0.1075,2016-11-25,2029-06-10
19185,191,B,3638.9779,42787.6373,0.0611,0.32,2025-04-10,2026-01-30
19182,191,A,21113.4896,22953.7315,0.0292,0.239,2019-10-11,2032-04-20
19239,192,A,10096.384,18037.0862,0.0933,0.1135,2016-10-18,2029-04-17
19389,193,B,4671.3245,32871.9021,0.0476,0.2168,2020-12-21,2027-12-30
19340,193,B,33355.7821,42428.2407,0.0961,0.106,2024-09-15,2034-11-11
19498,194,B,969.4032,58317.5874,0.0915,0.2963,2020-06-24,2026-11-24
19410,194,A,18586.7392,33971.5553,0.1129,0.2224,2023-04-25,2026-02-04
19489,194,B,520.4185,79874.7364,0.0602,0.2386,2019-04-12,2026-09-02
19546,195,A,45805.4088,53446.9143,0.1239,0.1536,2019-02-11,2031-10-09
19540,195,A,39039.809,39768.1419,0.0781,0.1459,2023-12-07,2033-08-23
19584,195,A,18145.1633,19763.2321,0.1001,0.2051,2016-01-25,2027-01-08
19591,195,A,6402.4374,27479.6324,0.0747,0.2387,2020-03-14,2034-03-06
19598,195,B,66859.1682,95455.289,0.0344,0.3354,2018-12-23,2032-10-12
19514,195,A,38626.3826,89087.2752,0.0473,0.187,2017-06-06,2027-01-28
19617,196,A,61033.1152,92946.941,0.1118,0.2807,2024-05-09,2025-08-18
19677,196,B,20386.1118,38144.019,0.0767,0.3162,2022-09-21,2027-09-27
19667,196,A,25716.0624,82310.7764,0.029,0.3338,2017-07-05,2028-06-09
19669,196,A,13771.547,74554.0738,0.0814,0.2683,2019-01-20,2027-06-30
19787,197,A,5910.3198,75137.4044,0.0994,0.3434,2018-01-29,2030-10-14
19870,198,A,11449.2221,18937.1255,0.0421,0.3367,2019-03-14,2029-07-20
19875,198,B,9629.0412,12996.7786,0.066,0.2597,2020-06-20,2032-06-16
19949,199,B,30272.564,76507.0988,0.1263,0.206,2020-01-22,2029-05-21
19944,199,B,26842.1637,29485.4942,0.0245,0.2217,2022-08-09,2027-09-01
19960,199,B,7860.5573,13378.3885,0.1216,0.1085,2017-10-19,2034-05-24
19964,199,B,22581.195,55312.138,0.1325,0.2339,2019-10-23,2027-03-25
19989,199,A,18230.2432,83136.2963,0.106,0.217,2015-12-16,2028-01-06
19998,199,A,20097.3098,29310.2311,0.1338,0.1733,2020-07-13,2033-04-22
20010,200,A,31703.8771,41096.8284,0.0474,0.1162,2022-03-10,2028-09-10
20094,200,A,46641.9987,62099.3093,0.0263,0.1966,2020-03-29,2027-05-26
20011,200,B,46150.8979,58187.9372,0.0346,0.1902,2021-08-06,2033-09-05
20098,200,B,24222.524,87405.6187,0.0128,0.2726,2025-01-11,2028-11-06
20029,200,A,1390.0595,20695.6299,0.0633,0.1032,2023-03-15,2034-09-11
20035,200,B,5207.7991,48396.423,0.0608,0.3437,2019-07-19,2031-01-23
20144,201,B,28685.3366,38469.3593,0.1067,0.2937,2017-08-04,2029-02-15
20187,201,B,59902.4475,96698.7915,0.0182,0.3014,2015-10-16,2027-09-14
20189,201,A,5009.4737,65646.7369,0.1004,0.2394,2021-05-28,2034-01-10
20299,202,B,3432.012,30799.3658,0.0779,0.1054,2024-08-06,2034-01-28
20283,202,B,21014.8685,64787.35,0.0818,0.3292,2017-04-17,2027-08-17
20240,202,B,25783.2713,26069.7952,0.0814,0.2081,2019-09-29,2033-02-25
20272,202,A,28748.8919,96523.4411,0.1401,0.1057,2022-01-10,2032-02-19
20346,203,B,33153.2682,77589.7932,0.1347,0.3162,2019-02-16,2025-02-20
20360,203,A,35786.2099,47985.5591,0.1278,0.1718,2017-11-06,2030-04-25
20394,203,A,17503.3321,26003.9071,0.1379,0.1163,2016-12-20,2028-05-03
20383,203,B,63764.1882,78802.3525,0.1003,0.1773,2023-05-18,2030-03-07
20376,203,A,95149.6988,96935.8428,0.1212,0.2965,2017-04-30,2031-10-17
20467,204,A,19238.5223,24739.9973,0.0284,0.1387,2023-05-29,2031-05-21
20413,204,A,37592.4486,97580.9467,0.1177,0.2993,2018-07-08,2028-10-10
20481,204,A,31120.8029,80778.2916,0.0842,0.1415,2019-05-23,2026-08-31
20496,204,A,53861.9832,65509.6268,0.0294,0.3399,2021-05-11,2026-01-13
20476,204,B,13280.1722,13358.718,0.0689,0.2974,2016-08-30,2030-07-15
20474,204,B,59070.5349,72016.9196,0.1463,0.2364,2022-06-11,2029-09-18
20588,205,B,14076.6403,44646.6551,0.0801,0.1131,2017-02-01,2034-10-25
20530,205,A,51761.4986,63778.4551,0.1271,0.2295,2016-04-23,2025-04-28
20548,205,A,13974.0763,53214.6698,0.1022,0.2211,2023-09-23,2025-11-24
20524,205,B,10546.0861,18190.4192,0.0687,0.1873,2015-11-15,2034-02-06
20580,205,A,8280.1259,88067.5007,0.0829,0.1533,2017-03-11,2034-10-10
20694,206,A,29135.6156,90710.3275,0.1409,0.3104,2025-02-11,2033-01-25
20681,206,A,4377.2994,98617.3906,0.0873,0.194,2017-09-30,2029-02-07
20626,206,B,2436.186,12052.2679,0.1168,0.2232,2017-05-20,2032-11-09
20629,206,B,11534.9821,11779.743,0.0368,0.3232,2019-07-13,2024-07-28
20661,206,A,12678.5582,19942.0922,0.0294,0.2941,2017-05-15,2033-09-25
20727,207,A,0.5875,0.0,0.0412,0.135,2019-03-31,2027-04-24
20745,207,A,49302.5133,82664.5367,0.0474,0.1008,2022-08-05,2031-05-21
20791,207,A,27107.9996,62471.1104,0.0486,0.3243,2019-01-31,2027-08-09
20796,207,A,38783.6346,60866.7671,0.0762,0.1807,2021-12-18,2025-10-11
20747,207,B,21352.7811,39138.3383,0.0769,0.2971,2020-11-21,2027-08-17
20715,207,B,38085.4397,89788.0865,0.1438,0.2892,2017-03-27,2027-02-27
20843,208,A,86931.4824,94076.339,0.0982,0.2968,2025-04-24,2026-12-07
20929,209,B,38789.8103,40141.5928,0.0621,0.1642,2016-01-25,2034-03-14
20917,209,A,24851.1625,45804.8641,0.0998,0.286,2021-05-01,2028-10-24
21056,210,A,12688.638,51907.9107,0.1157,0.2055,2024-05-29,2026-12-29
21039,210,B,3574.1269,60697.0012,0.0678,0.2631,2025-06-05,2026-12-27
21053,210,B,326.2742,51778.7213,0.0586,0.2792,2024-11-27,2026-09-28
21113,211,A,43940.3366,44609.911,0.0548,0.1158,2016-03-15,2028-05-24
21176,211,A,8766.6382,14644.3603,0.0437,0.2443,2024-09-24,2031-05-28
21181,211,A,13352.9512,54281.7851,0.0627,0.2107,2022-08-16,2028-02-17
21159,211,B,15536.7822,70365.3369,0.033,0.1644,2023-06-08,2031-06-17
21156,211,B,20222.2359,61823.2082,0.0706,0.1928,2023-12-23,2026-01-05
21139,211,A,4862.8683,22282.6127,0.0313,0.3142,2025-06-16,2034-06-14
21274,212,A,8532.9863,19973.15,0.049,0.2099,2022-04-12,2025-11-08
21260,212,A,54086.7231,74278.6931,0.0554,0.26,2017-03-18,2031-12-27
21234,212,B,80399.7749,85630.6886,0.0985,0.3349,2015-08-02,2035-01-23
21297,212,A,6123.2206,39440.8615,0.1268,0.2497,2024-04-04,2032-08-27
21241,212,B,42321.0545,47903.6816,0.1384,0.1147,2018-04-11,2030-06-16
21224,212,A,51945.4922,76658.19,0.1348,0.2521,2024-01-15,2034-08-04
21320,213,B,41109.7689,68045.6664,0.1368,0.2617,2023-08-25,2028-03-25
21354,213,B,7773.1013,81700.7069,0.0824,0.2549,2016-08-07,2027-03-15
21391,213,A,32790.3847,39671.1205,0.123,0.1061,2021-11-18,2030-09-02
21417,214,A,11844.7336,28037.5588,0.11,0.1949,2020-07-17,2033-10-26
21572,215,B,87600.9458,87979.6197,0.1075,0.3303,2019-10-29,2027-03-25
21579,215,B,55085.9456,68116.563,0.0815,0.1242,2021-02-10,2027-06-26
21541,215,B,16613.9704,34834.615,0.0668,0.1328,2025-02-16,2032-04-03
21540,215,A,1369.5774,16484.033,0.1227,0.2127,2019-05-30,2028-07-11
21537,215,A,19299.3569,29695.3739,0.1317,0.3431,2023-09-24,2029-10-03
21651,216,A,62108.9075,82587.7703,0.1155,0.1689,2019-08-19,2034-02-20
21658,216,B,73580.1845,92339.1174,0.0305,0.2801,2020-03-01,2028-11-20
21735,217,A,0.4415,0.0,0.0319,0.3481,2018-08-28,2027-01-08
21756,217,B,7091.1104,12759.326,0.1222,0.3124,2019-10-20,2034-12-16
21742,217,A,40789.8828,59042.7103,0.0456,0.305,2019-08-02,2027-12-31
21741,217,A,32693.5324,59834.626,0.0273,0.3472,2024-04-09,2034-02-20
21832,218,B,8921.3246,16375.0618,0.0893,0.1758,2017-06-27,2031-01-22
21930,219,A,13891.3982,40189.46,0.1006,0.343,2023-10-24,2035-04-19
21927,219,A,17743.7236,70708.1727,0.1188,0.2145,2022-06-23,2025-06-24
21960,219,A,25240.3566,25604.0825,0.0409,0.3047,2016-06-08,2025-08-25
21993,219,A,8593.5964,88929.0214,0.047,0.1693,2016-12-13,2034-09-24
21972,219,B,21565.9337,59649.8734,0.1265,0.2082,2023-05-16,2027-05-19
21989,219,A,23276.0712,45897.6851,0.1256,0.342,2023-11-25,2031-04-28
22086,220,A,15199.0227,23458.5799,0.102,0.1158,2021-03-20,2026-12-22
22080,220,A,10328.531,37683.3569,0.0794,0.2742,2022-12-31,2026-03-13
22049,220,B,4817.1716,28873.112,0.0178,0.2243,2018-04-13,2027-08-21
22183,221,A,37689.9332,67747.3291,0.134,0.2087,2016-05-24,2027-01-28
22150,221,A,18925.7383,29206.3729,0.0264,0.2633,2022-02-05,2031-09-06
22177,221,B,32302.8846,61223.4799,0.0893,0.3417,2020-04-22,2025-07-14
22196,221,B,19695.8303,20019.5589,0.1453,0.266,2017-08-24,2033-06-13
22154,221,A,30371.3839,79808.7303,0.1238,0.2905,2015-10-11,2024-12-11
22194,221,A,44743.7065,46214.1624,0.144,0.3293,2024-08-10,2028-11-11
22296,222,A,70648.4875,73831.2889,0.0108,0.3055,2023-11-11,2031-09-28
22215,222,B,23835.1173,32493.6977,0.0366,0.1008,2018-03-21,2024-11-16
22386,223,A,17543.1257,35682.0065,0.0921,0.2611,2021-02-11,2031-05-16
22317,223,A,45449.6633,47145.0226,0.012,0.2843,2015-07-17,2025-07-23
22399,223,B,80428.109,85884.8081,0.1047,0.1512,2023-07-19,2029-02-01
22316,223,B,15197.1573,15487.6192,0.0673,0.3463,2019-04-19,2034-02-24
22355,223,B,34713.4682,74873.8357,0.105,0.1345,2022-08-28,2029-02-02
22379,223,B,11846.7924,37362.3599,0.1344,0.3437,2017-07-17,2032-03-09
22461,224,B,7881.4055,19127.2382,0.028,0.1674,2024-05-13,2027-12-14
22532,225,A,372.7064,38076.9433,0.1347,0.2405,2022-12-18,2028-10-26
22519,225,B,10507.6975,16065.5764,0.0643,0.1861,2020-12-03,2029-04-21
22686,226,B,7319.2166,42844.3376,0.0269,0.2932,2018-07-13,2026-06-19
22753,227,A,12741.9868,20280.482,0.0971,0.1496,2023-08-23,2034-08-05
22792,227,B,35513.1148,45877.7571,0.0728,0.2079,2025-01-15,2030-02-10
22862,228,A,55644.3943,55908.8117,0.0386,0.1848,2024-10-22,2033-09-18
22874,228,B,44997.7193,51696.8438,0.1311,0.2286,2024-08-31,2034-07-29
22873,228,A,22812.6162,47888.1903,0.11,0.3477,2018-05-09,2024-07-11
22894,228,B,10680.4408,89066.1801,0.1429,0.1038,2019-01-22,2033-11-03
22859,228,A,20901.4586,78082.6307,0.0584,0.2507,2015-09-23,2029-07-17
22865,228,B,404.0553,29815.6973,0.0175,0.2347,2021-10-07,2031-07-13
22940,229,B,39294.3904,52197.7921,0.072,0.1793,2015-12-14,2032-03-18
22936,229,A,44925.8424,46636.8237,0.0105,0.1115,2023-06-30,2024-06-16
22929,229,A,8329.2394,46947.0253,0.0625,0.224,2015-12-11,2030-04-06
22910,229,B,14449.9276,77189.8275,0.019,0.3467,2016-06-21,2026-07-28
22954,229,B,1486.1095,10550.6557,0.1287,0.1982,2021-01-18,2028-02-24
22951,229,B,68554.7567,88337.577,0.1061,0.3378,2016-01-17,2029-07-10
23050,230,A,35127.066,38772.6932,0.0345,0.1532,2018-04-18,2025-04-29
23019,230,B,7625.7669,39208.2788,0.0282,0.1631,2022-09-04,2026-05-15
23045,230,B,21813.6188,67037.7945,0.0975,0.1648,2018-09-07,2025-01-24
23014,230,B,6131.7865,30630.9358,0.0218,0.1563,2019-04-15,2026-10-05
23085,230,A,57274.0899,85848.1853,0.0964,0.1839,2024-06-24,2035-03-04
23070,230,A,84962.4735,95547.5052,0.0505,0.2246,2023-05-17,2033-08-28
23191,231,B,12324.6583,43567.9641,0.0992,0.3013,2019-04-04,2034-03-01
23183,231,B,40290.7821,59022.5258,0.0494,0.2146,2017-05-17,2029-06-29
23198,231,A,68.716,40469.1566,0.0741,0.2187,2024-05-10,2026-01-15
23133,231,B,3783.8489,70570.3242,0.0629,0.3101,2019-02-03,2033-11-19
23166,231,A,35770.566,39844.5682,0.1096,0.1503,2017-08-25,2024-09-12
23182,231,B,1468.7262,13744.7087,0.1077,0.1779,2017-07-15,2030-06-16
23265,232,B,26364.4987,74158.3833,0.1029,0.2218,2023-12-08,2030-08-15
23326,233,A,38523.353,42684.8508,0.0716,0.3032,2017-11-05,2030-03-03
23321,233,A,37538.7993,87451.5295,0.041,0.2387,2021-11-20,2033-01-17
23341,233,B,24108.1536,49770.8143,0.1497,0.2063,2023-08-14,2030-12-23
23325,233,A,2283.2773,27521.1519,0.0234,0.2987,2017-11-21,2034-11-05
23363,233,B,57533.1149,66608.7868,0.0405,0.1924,2023-10-06,2025-05-30
23342,233,A,6490.5499,11119.7713,0.0953,0.2364,2023-05-16,2026-03-11
23426,234,A,23461.3859,40147.1433,0.1435,0.1486,2015-07-08,2025-10-08
23438,234,A,34657.5507,75003.2173,0.1334,0.2056,2021-06-08,2035-01-24
23410,234,B,6762.4559,79099.1937,0.1452,0.1473,2017-03-18,2026-08-01
23430,234,A,63977.0736,93804.0571,0.0941,0.1857,2016-03-22,2026-09-22
23448,234,A,31865.9293,47606.1538,0.089,0.1701,2021-06-16,2027-09-13
23472,234,A,73439.5898,93940.3309,0.0922,0.1774,2015-07-31,2029-07-23
23565,235,A,13025.8571,81307.3274,0.1199,0.309,2022-12-06,2029-07-28
23666,236,A,63020.9062,88077.7716,0.02,0.1983,2018-03-28,2031-03-08
23669,236,A,2682.6728,97631.3756,0.1062,0.1008,2018-05-01,2027-06-29
23678,236,A,29449.1129,40767.0288,0.1062,0.1596,2022-12-11,2033-08-31
23673,236,A,4792.147,11817.7219,0.0837,0.2184,2019-01-02,2029-08-01
23690,236,A,20922.9427,28360.4032,0.1237,0.3296,2021-11-17,2030-04-09
23744,237,B,28541.6105,54065.5653,0.1238,0.1652,2022-11-22,2025-07-16
23763,237,A,44750.738,60961.2426,0.1327,0.2028,2022-11-09,2033-10-24
23874,238,B,41642.8305,42941.1214,0.0743,0.2929,2016-02-13,2030-09-22
23988,239,A,13441.5431,23672.6739,0.1151,0.1004,2022-07-10,2034-09-29
23933,239,B,72591.0874,83126.0071,0.1364,0.1185,2016-07-22,2032-02-08
23938,239,A,5048.0418,57565.4551,0.0187,0.1501,2019-03-25,2024-08-08
23951,239,B,28663.1146,56122.2226,0.1324,0.1788,2019-06-30,2034-02-01
23947,239,B,66540.1254,89516.6753,0.0739,0.198,2023-09-28,2029-10-04
24096,240,A,1058.58,79905.2589,0.114,0.2575,2016-09-08,2026-08-30
24064,240,A,49299.7797,78974.7518,0.0731,0.349,2019-09-17,2031-08-11
24084,240,B,4815.7813,92793.7255,0.0245,0.1337,2022-05-24,2032-08-06
24071,240,A,1040.112,76473.3979,0.0249,0.3041,2023-04-24,2033-05-06
24032,240,A,28405.5998,52198.1179,0.0524,0.129,2015-12-11,2031-05-14
24116,241,B,26385.0845,54612.1251,0.0326,0.33,2018-09-09,2031-11-04
24299,242,A,14990.1686,21082.5371,0.0882,0.2332,2023-04-23,2027-12-19
24298,242,A,28859.7897,34232.3458,0.0511,0.1981,2022-10-04,2025-02-28
24217,242,A,13609.8823,44075.5231,0.1403,0.1026,2024-06-17,2030-04-18
24222,242,B,28676.8281,33360.244,0.0359,0.2999,2017-05-14,2025-04-24
24251,242,B,73798.6153,88162.6709,0.0341,0.1783,2024-07-08,2034-06-23
24211,242,A,37847.5009,61019.8913,0.027,0.1107,2019-08-05,2033-11-18
24341,243,A,51685.4493,77451.6811,0.0699,0.2667,2023-08-21,2031-04-11
24477,244,B,15345.2082,25212.0734,0.149,0.2287,2024-07-28,2032-07-11
24453,244,B,9424.9101,27524.7652,0.0388,0.1314,2016-12-07,2033-04-08
24466,244,B,6788.2648,47843.7296,0.1331,0.1046,2018-11-02,2030-09-22
24456,244,B,54801.9552,92738.9912,0.0378,0.3188,2023-04-04,2026-09-09
24473,244,B,31010.8428,49380.1863,0.1158,0.3149,2018-09-15,2025-02-27
24577,245,A,34461.5742,65568.1577,0.0775,0.1896,2020-10-01,2033-10-30
24541,245,B,16826.309,67328.8962,0.1347,0.2158,2019-08-25,2030-12-07
24575,245,B,26768.4129,34016.2849,0.0339,0.2048,2016-07-09,2025-07-10
24597,245,B,16321.1187,76680.9502,0.0776,0.2971,2021-11-29,2029-03-10
24522,245,B,77008.8602,79966.7224,0.0591,0.1881,2017-01-13,2025-05-08
24613,246,B,12477.9755,47268.7159,0.0488,0.2458,2017-08-18,2025-12-14
24673,246,A,5007.1587,33748.9144,0.1073,0.142,2024-09-04,2032-10-29
24732,247,A,38754.2078,59419.1137,0.1106,0.2306,2022-02-05,2025-06-24
24717,247,A,7617.1667,16201.7412,0.0969,0.2384,2020-08-21,2031-03-11
24769,247,B,10053.8484,18194.8274,0.0954,0.238,2021-02-23,2035-06-06
24866,248,A,4090.4419,17757.849,0.0155,0.1445,2021-11-25,2027-04-12
24861,248,A,55406.3,73797.7088,0.025,0.2664,2024-10-13,2030-08-31
24840,248,A,7034.2081,11223.1056,0.0212,0.2488,2019-05-20,2031-12-03
24943,249,B,19696.3552,43669.0191,0.0509,0.1118,2019-03-05,2031-02-09
24979,249,A,26421.022,37537.9008,0.0406,0.1827,2015-11-21,2032-08-11
24946,249,B,25272.9055,31521.2462,0.0881,0.136,2022-01-31,2029-01-27
24926,249,B,46867.9147,70402.5801,0.0755,0.1442,2016-02-16,2034-12-12
24966,249,A,34209.1537,86561.8924,0.0835,0.1306,2015-09-16,2030-11-08
25043,250,B,46609.1875,69843.2862,0.0418,0.2793,2022-10-29,2032-04-12
25091,250,B,0.5372,0.0,0.0298,0.284,2021-03-10,2033-01-25
25115,251,B,62053.3351,83184.887,0.0904,0.2468,2016-06-24,2031-05-03
25120,251,B,14042.8125,83261.4106,0.0847,0.222,2017-02-02,2033-05-30
25274,252,B,1947.9484,22255.025,0.1037,0.1862,2018-08-20,2033-03-22
25235,252,B,15768.2296,26397.9107,0.0173,0.2123,2024-01-02,2031-02-19
25236,252,B,5337.2797,57005.436,0.1398,0.2741,2025-02-08,2024-06-14
25214,252,A,1357.9666,74708.135,0.1182,0.3499,2018-01-07,2026-03-17
25345,253,B,44368.3243,45654.3748,0.0924,0.3437,2024-12-20,2025-11-07
25493,254,A,7095.2359,38159.6027,0.0249,0.2486,2015-10-03,2026-08-25
25414,254,B,18160.2087,67124.5771,0.062,0.1568,2016-02-20,2027-11-10
25438,254,A,928.9724,38396.5831,0.1162,0.1459,2022-11-24,2026-05-16
25417,254,B,87384.974,90015.8983,0.0438,0.2354,2016-06-15,2029-05-04
25446,254,A,10037.1912,39144.336,0.024,0.2673,2020-04-10,2030-01-11
25586,255,B,11833.0923,51726.1738,0.0802,0.3036,2015-08-10,2026-10-23
25560,255,B,17671.1035,38986.3711,0.1257,0.1843,2022-12-01,2027-11-13
25573,255,A,36201.9162,71238.4431,0.0909,0.2326,2018-03-02,2033-01-25
25582,255,A,1674.3888,11861.8928,0.0836,0.124,2022-10-05,2034-05-14
25567,255,B,81878.5091,96276.9572,0.0864,0.3318,2015-07-19,2035-05-15
25518,255,A,52675.1722,67420.4223,0.0594,0.3357,2017-05-07,2035-06-16
25634,256,B,23650.7175,79254.3386,0.123,0.1516,2016-07-07,2032-11-08
25669,256,A,29089.3988,37132.4793,0.1456,0.143,2016-10-16,2035-06-13
25691,256,B,1031.958,28947.6924,0.1235,0.3161,2023-04-12,2027-01-16
25688,256,B,20089.4681,45922.1783,0.1399,0.3498,2019-06-20,2033-03-04
25676,256,A,35127.2614,62610.162,0.0813,0.2832,2017-04-15,2031-03-06
25719,257,A,6880.5865,74720.6682,0.0544,0.2915,2024-02-12,2025-09-30
25763,257,B,28180.0271,51583.9956,0.1482,0.2793,2024-03-15,2034-04-19
25774,257,B,8728.0744,11346.5746,0.0261,0.1725,2016-07-02,2026-11-24
25712,257,A,3376.026,24144.1077,0.1442,0.2583,2020-08-07,2027-03-12
25883,258,A,8286.1599,50554.7831,0.0397,0.1322,2023-01-19,2029-07-18
25862,258,B,24864.9782,36298.802,0.0474,0.2202,2021-01-17,2029-07-20
25875,258,A,3503.2553,52131.7587,0.0535,0.1179,2020-07-12,2032-07-08
25895,258,A,38330.5997,69796.7586,0.1013,0.3126,2022-03-24,2026-05-22
25837,258,A,32593.9129,58216.9344,0.0281,0.2716,2019-09-17,2027-02-22
25979,259,B,2524.7144,35744.306,0.127,0.1256,2019-08-30,2034-03-29
25948,259,A,7426.7773,10050.7822,0.0184,0.191,2019-08-29,2028-03-27
25925,259,B,9249.06,31226.5357,0.1229,0.3191,2016-10-03,2029-01-25
25958,259,B,49625.109,52034.2097,0.0437,0.1439,2018-10-25,2028-12-16
25944,259,A,22397.7892,45687.5802,0.1139,0.1334,2021-05-05,2028-08-30
26064,260,B,41781.0485,69588.9419,0.1286,0.2709,2015-10-24,2030-11-01
26016,260,B,22992.5033,28243.0794,0.0257,0.1704,2019-05-02,2027-11-11
26045,260,B,5118.1535,14593.8999,0.0713,0.3371,2018-07-03,2034-07-13
26153,261,B,51213.3221,52533.9815,0.0796,0.2687,2018-04-23,2033-06-03
26227,262,A,40499.0526,56336.8567,0.0433,0.2446,2016-08-16,2033-03-18
26295,262,A,80958.9743,82637.7405,0.1498,0.3064,2020-02-09,2025-02-01
26246,262,A,4181.5725,92759.8537,0.0212,0.3332,2015-09-02,2026-06-11
26258,262,B,8798.2768,13217.2674,0.1271,0.1448,2016-06-01,2026-05-10
26230,262,B,41012.8473,61371.2672,0.0718,0.1257,2019-05-03,2032-03-31
26211,262,A,8245.423,13360.4866,0.033,0.1252,2019-05-10,2035-03-08
26390,263,B,0.0418,0.0,0.0978,0.1526,2019-07-28,2031-09-02
26384,263,A,11135.2387,71970.4837,0.1028,0.1852,2024-01-15,2027-08-26
26360,263,A,19943.2397,92433.3001,0.1323,0.2589,2022-12-10,2024-06-29
26389,263,B,24815.1202,87710.1665,0.0543,0.2158,2019-09-10,2028-04-29
26492,264,A,55606.3042,81416.2776,0.0291,0.1039,2019-10-30,2028-01-18
26438,264,B,29370.0419,65686.0445,0.1401,0.135,2020-07-19,2032-02-18
26467,264,A,75247.0392,87471.2829,0.0707,0.219,2017-06-06,2028-02-24
26477,264,B,15670.746,31322.8162,0.1274,0.2911,2016-11-01,2032-06-14
26530,265,A,15336.1767,32379.9361,0.0698,0.321,2015-08-25,2026-02-05
26592,265,B,8913.3739,16006.9542,0.1273,0.3424,2020-03-12,2028-01-29
26660,266,B,11674.3334,35456.3072,0.0975,0.1654,2021-07-22,2032-11-07
26669,266,B,1819.9881,25774.9127,0.0868,0.2061,2016-05-06,2027-07-23
26611,266,B,2766.0796,72987.6226,0.1108,0.2126,2023-12-01,2035-04-01
26663,266,B,39000.8133,60052.759,0.0945,0.1861,2022-05-15,2033-01-04
26625,266,A,578.0938,68921.5905,0.1015,0.1099,2017-01-04,2033-04-14
26782,267,B,24217.2407,63474.7656,0.1398,0.2882,2024-12-17,2031-09-05
26711,267,B,6545.8623,93483.3722,0.1031,0.254,2024-05-24,2033-05-12
26747,267,A,10441.4043,74517.7833,0.0717,0.1068,2018-10-12,2025-10-01
26839,268,B,12487.2244,35941.8844,0.1314,0.1789,2019-04-25,2034-10-18
26836,268,B,21860.163,90808.1447,0.0668,0.2358,2020-10-25,2027-04-28
26959,269,A,33250.8902,53537.5429,0.1032,0.2034,2022-03-22,2030-07-30
26938,269,B,5658.9583,49033.7098,0.1026,0.2671,2016-04-08,2033-08-06
26966,269,B,21688.0326,75133.3936,0.0429,0.1122,2016-12-23,2033-02-04
26974,269,A,7895.2753,70269.3896,0.0599,0.2729,2023-03-02,2030-12-24
27060,270,A,32668.9509,33797.1554,0.0284,0.1088,2022-03-16,2025-05-11
27156,271,B,10034.9151,55457.0189,0.1059,0.2433,2024-08-05,2029-07-13
27272,272,B,16747.9554,67518.8691,0.0613,0.2572,2019-12-29,2027-02-13
27256,272,A,46381.4081,63059.2229,0.0235,0.2895,2016-01-14,2030-09-03
27226,272,B,52395.0221,70470.3133,0.0954,0.26,2019-06-12,2031-08-24
27376,273,A,8963.6112,43171.4379,0.1237,0.2708,2024-08-25,2028-03-15
27363,273,A,58291.0474,78249.6072,0.1317,0.2533,2017-10-10,2028-04-20
27358,273,B,45928.8013,84673.071,0.1148,0.3225,2025-06-02,2031-09-21
27346,273,A,47740.1614,68833.8869,0.095,0.148,2021-08-22,2029-10-13
27372,273,B,1867.2143,17111.7496,0.0237,0.3198,2024-04-06,2030-02-09
27316,273,B,36024.5054,82190.1344,0.1341,0.1243,2016-05-31,2034-01-31
27454,274,B,30306.0933,50071.4964,0.1456,0.314,2025-03-12,2025-02-07
27444,274,B,21131.3659,45214.6132,0.0903,0.3158,2016-04-04,2030-01-07
27490,274,A,13253.2542,50541.4708,0.0825,0.2122,2015-06-30,2030-09-29
27554,275,A,5741.5383,23878.5289,0.0939,0.1379,2017-09-25,2034-10-20
27577,275,B,57387.3116,78877.089,0.0278,0.1421,2020-11-06,2034-05-19
27514,275,A,15379.9938,23308.0404,0.0189,0.1038,2024-11-17,2028-05-06
27593,275,B,57067.1214,79558.0263,0.066,0.1362,2025-04-03,2029-08-17
27535,275,B,68334.9131,88873.5071,0.0729,0.2579,2023-03-24,2029-05-15
27539,275,A,46105.0723,62497.2232,0.1272,0.2613,2024-04-02,2027-08-02
27655,276,B,26991.8664,58909.8027,0.0198,0.2877,2016-04-26,2029-10-07
27665,276,B,5052.4869,97633.0333,0.058,0.302,2017-06-30,2034-11-05
27619,276,B,27558.7445,31461.1188,0.0938,0.243,2023-02-21,2029-02-10
27696,276,A,63556.5177,77129.0313,0.0194,0.2293,2025-02-22,2029-07-24
27761,277,B,11977.0769,14248.3193,0.0362,0.2045,2015-07-28,2028-01-05
27766,277,B,32401.4049,48734.569,0.0764,0.2078,2022-03-06,2025-09-11
27868,278,B,63052.692,64645.3791,0.042,0.188,2018-09-24,2030-06-11
27890,278,B,27131.8597,64393.0071,0.0844,0.2661,2019-01-07,2032-10-11
27887,278,A,5621.0228,25927.6298,0.1248,0.2178,2017-08-04,2034-03-04
27963,279,B,12904.8099,40293.248,0.0963,0.2882,2024-07-02,2034-12-13
27934,279,B,1998.2864,10716.1202,0.0546,0.1313,2017-08-18,2025-05-21
27975,279,B,740.8985,39550.9905,0.0889,0.296,2021-04-23,2029-11-09
28055,280,B,8691.826,64271.3682,0.0114,0.2193,2022-06-11,2028-09-29
28128,281,A,12373.0723,85521.4556,0.0668,0.1143,2023-06-06,2034-06-05
28288,282,A,5826.2831,96730.6552,0.0211,0.172,2017-05-11,2026-07-24
28279,282,A,6413.7994,12350.0563,0.0327,0.3173,2021-02-09,2029-06-17
28254,282,B,23806.5896,79762.6749,0.0306,0.1553,2022-11-27,2029-03-08
28264,282,A,55039.2691,89263.0937,0.1166,0.1014,2016-06-01,2024-08-07
28387,283,A,18658.3137,19738.0623,0.1313,0.2624,2016-05-31,2029-07-10
28480,284,A,29843.8779,50309.7117,0.0971,0.2352,2017-06-02,2033-11-16
28462,284,B,47455.0528,57851.5648,0.1263,0.2306,2017-07-09,2031-09-04
28477,284,A,11971.8425,50064.7574,0.0271,0.2709,2016-04-12,2026-07-16
28491,284,A,0.7876,0.0,0.0591,0.2051,2025-06-06,2031-08-24
28559,285,B,26464.3532,95687.4941,0.0851,0.2348,2023-09-11,2031-03-03
28580,285,B,33273.0148,36466.6939,0.0524,0.1665,2021-09-14,2029-10-30
28531,285,A,36295.9522,37234.7279,0.1199,0.3115,2018-06-06,2035-03-31
28588,285,B,2867.6945,42593.6543,0.0495,0.3009,2021-10-13,2033-12-04
28517,285,A,10414.7207,23271.0566,0.0903,0.1249,2017-06-04,2028-03-13
28593,285,B,3285.0106,24678.8007,0.0161,0.3442,2018-10-07,2027-01-05
28624,286,A,27944.5372,52674.7412,0.0818,0.3448,2022-08-17,2028-05-18
28654,286,A,59836.3804,79509.4449,0.1033,0.3114,2019-01-19,2033-11-03
28673,286,B,30236.7363,56893.7314,0.0306,0.2499,2023-01-16,2031-03-11
28632,286,B,18366.576,73345.336,0.0508,0.3268,2024-08-29,2031-04-14
28656,286,B,10677.3838,20441.3664,0.0765,0.2483,2020-11-06,2035-02-11
28669,286,B,0.7438,0.0,0.0368,0.1443,2022-09-08,2034-05-18
28725,287,B,33946.0577,97216.0318,0.1039,0.1771,2015-06-11,2025-03-19
28752,287,A,7564.2511,50545.1261,0.0312,0.1794,2020-10-06,2028-05-23
28743,287,B,11287.2403,75665.6511,0.0315,0.1753,2019-05-23,2028-08-19
28745,287,A,14803.732,19946.4431,0.0153,0.1327,2016-04-16,2025-10-21
28735,287,B,7420.6786,27845.6061,0.0399,0.1123,2024-05-04,2026-06-11
28757,287,A,39643.276,61789.2425,0.1475,0.1456,2022-10-30,2035-04-18
28861,288,A,1670.3553,47687.9065,0.078,0.1117,2021-03-18,2030-11-08
28872,288,B,19789.8304,21888.4621,0.0242,0.1159,2017-01-09,2031-05-02
28898,288,A,18356.5763,30518.6892,0.1023,0.145,2022-04-18,2025-06-25
28899,288,A,8356.4021,36470.3988,0.0834,0.213,2015-09-01,2026-03-11
28966,289,B,35776.2097,89427.9765,0.0597,0.2458,2023-12-03,2027-10-12
28955,289,A,40448.3964,69135.5476,0.0317,0.3147,2024-07-11,2029-02-15
28940,289,A,10627.6305,22101.3359,0.0314,0.1727,2024-08-18,2033-11-04
29025,290,A,2756.7642,78672.2517,0.1212,0.2847,2020-09-05,2033-09-19
29016,290,B,8579.9831,11331.8041,0.1037,0.2258,2019-07-25,2026-11-17
29045,290,A,16363.2672,75031.3756,0.0947,0.3283,2018-10-20,2027-05-14
29064,290,B,888.1893,14723.9199,0.1217,0.1622,2016-09-10,2024-12-09
29032,290,A,8061.0239,11376.8583,0.0924,0.3018,2020-03-25,2026-08-16
29193,291,A,10028.2532,11291.9619,0.0595,0.1247,2017-03-22,2024-10-20
29278,292,A,25930.6407,25976.6926,0.0491,0.2298,2017-07-16,2028-08-23
29214,292,A,4291.0624,95970.4151,0.0687,0.2237,2015-11-09,2032-06-27
29236,292,A,6084.137,41358.9132,0.0902,0.1501,2018-08-20,2027-01-12
29256,292,A,11307.6833,23178.3938,0.1438,0.1699,2022-07-07,2025-03-28
29257,292,B,12287.621,28752.5462,0.0416,0.2198,2018-01-20,2034-05-25
29328,293,A,14318.2101,40255.8316,0.1083,0.1454,2023-08-25,2029-05-05
29394,293,B,3372.4657,27591.2832,0.0427,0.2949,2022-12-31,2026-09-28
29353,293,A,29558.9462,55565.748,0.1154,0.2417,2018-04-17,2029-02-20
29334,293,A,46807.348,52360.6267,0.0106,0.2856,2023-04-27,2035-03-08
29490,294,A,49338.0142,79700.6807,0.0158,0.2267,2020-10-17,2033-06-01
29486,294,A,4347.2815,39305.9166,0.1066,0.3117,2021-11-06,2026-04-06
29499,294,B,460.4094,48395.3067,0.0474,0.329,2017-06-08,2026-12-22
29459,294,A,79535.8511,96422.3681,0.0548,0.3201,2020-03-25,2024-12-19
29530,295,A,51033.5282,98097.2728,0.0923,0.1471,2022-02-09,2034-12-31
29693,296,A,8140.0551,83539.0755,0.0111,0.3127,2024-09-21,2031-07-03
29626,296,B,3046.7973,66514.4895,0.1434,0.1393,2015-12-19,2034-04-27
29611,296,A,32422.5513,54564.2604,0.0885,0.2197,2016-11-29,2034-11-06
29679,296,B,6890.4929,87139.4461,0.0672,0.2923,2017-07-22,2030-09-29
29749,297,A,64034.0448,68893.4483,0.0508,0.332,2018-04-01,2026-06-02
29798,297,A,10506.2307,42548.0326,0.0562,0.3332,2019-11-11,2032-09-07
29721,297,A,26096.4857,60155.3933,0.0636,0.1956,2018-02-20,2032-07-04
29768,297,A,37115.78,41057.3633,0.1393,0.2355,2024-01-24,2034-05-10
29775,297,A,9326.8506,31250.5687,0.085,0.3231,2024-11-21,2030-06-25
29853,298,B,67894.3296,98457.1801,0.0203,0.2925,2018-11-14,2032-09-04
29837,298,A,48361.3578,86324.7388,0.0736,0.2428,2018-07-03,2034-04-13
29816,298,B,81744.9968,97541.5386,0.1382,0.1821,2022-06-27,2031-07-20
29863,298,A,2077.7872,50033.8172,0.0627,0.1928,2019-06-11,2030-05-26
29831,298,B,17177.7894,52416.6684,0.0647,0.1812,2024-05-29,2031-05-08
29868,298,B,24073.2647,91697.3542,0.0786,0.2612,2019-01-11,2027-12-24
29960,299,A,23860.1861,39194.1216,0.0443,0.1542,2018-08-26,2033-12-04
29982,299,B,9953.7249,26997.6982,0.0497,0.1296,2020-10-07,2034-08-21
29969,299,B,58468.0993,86441.049,0.0988,0.1496,2017-11-28,2028-02-14
30055,300,B,15389.2739,95666.6904,0.0839,0.1046,2020-11-10,2027-01-24
30036,300,B,15221.5835,81043.6803,0.1181,0.1838,2016-09-06,2031-08-02
30059,300,A,6723.1604,21166.6617,0.0495,0.1302,2025-06-05,2029-07-31
30087,300,B,28966.1928,32417.3103,0.072,0.2206,2016-03-07,2027-06-26
